{
    "forge_marker": 1,
    "defaults": {
        "model": "minecraftfuture:bee_nest_empty"
    },
    "variants": {
        "normal": [{}],
        "inventory": [{}],
        "facing=north,full=false": { "model": "minecraftfuture:bee_nest_empty" },
        "facing=south,full=false": { "model": "minecraftfuture:bee_nest_empty", "y": 180 },
        "facing=east,full=false": { "model": "minecraftfuture:bee_nest_empty", "y": 90 },
        "facing=west,full=false": { "model": "minecraftfuture:bee_nest_empty", "y": 270 },
        "facing=north,full=true": { "model": "minecraftfuture:bee_nest_full" },
        "facing=south,full=true": { "model": "minecraftfuture:bee_nest_full", "y": 180 },
        "facing=east,full=true": { "model": "minecraftfuture:bee_nest_full", "y": 90 },
        "facing=west,full=true": { "model": "minecraftfuture:bee_nest_full", "y": 270 }
    }
}