{
    "variants": {
        "facing=north,lit=false": { "model": "minecraftfuture:campfire" },
        "facing=south,lit=false": { "model": "minecraftfuture:campfire", "y": 180 },
        "facing=west,lit=false":  { "model": "minecraftfuture:campfire", "y": 270 },
        "facing=east,lit=false":  { "model": "minecraftfuture:campfire", "y": 90 },
        "facing=north,lit=true": { "model": "minecraftfuture:campfire_on" },
        "facing=south,lit=true": { "model": "minecraftfuture:campfire_on", "y": 180 },
        "facing=west,lit=true":  { "model": "minecraftfuture:campfire_on", "y": 270 },
        "facing=east,lit=true":  { "model": "minecraftfuture:campfire_on", "y": 90 }
    }
}