{
    "forge_marker": 1,
    "defaults": {
        "model": "minecraftfuture:grindstone"
    },
    "variants": {
        "normal": [{}],
        "inventory": [{}],
        "face=floor,facing=east":  { "model": "minecraftfuture:grindstone", "y": 90 },
        "face=floor,facing=west":  { "model": "minecraftfuture:grindstone", "y": 270 },
        "face=floor,facing=south": { "model": "minecraftfuture:grindstone", "y": 180 },
        "face=floor,facing=north": { "model": "minecraftfuture:grindstone" },
        "face=wall,facing=east":  { "model": "minecraftfuture:grindstone", "x": 90, "y": 90 },
        "face=wall,facing=west":  { "model": "minecraftfuture:grindstone", "x": 90, "y": 270 },
        "face=wall,facing=south": { "model": "minecraftfuture:grindstone", "x": 90, "y": 180 },
        "face=wall,facing=north": { "model": "minecraftfuture:grindstone", "x": 90 },
        "face=ceiling,facing=east":  { "model": "minecraftfuture:grindstone", "x": 180, "y": 270 },
        "face=ceiling,facing=west":  { "model": "minecraftfuture:grindstone", "x": 180, "y": 90 },
        "face=ceiling,facing=south": { "model": "minecraftfuture:grindstone", "x": 180 },
        "face=ceiling,facing=north": { "model": "minecraftfuture:grindstone", "x": 180, "y": 180 }
    }
}