{
    "forge_marker": 1,
    "defaults": {
        "model": "minecraftfuture:smoker"
    },
    "variants": {
        "inventory": [{}],
        "facing=north,lit=false": { "model": "minecraftfuture:smoker" },
        "facing=south,lit=false": { "model": "minecraftfuture:smoker", "y": 180 },
        "facing=west,lit=false":  { "model": "minecraftfuture:smoker", "y": 270 },
        "facing=east,lit=false":  { "model": "minecraftfuture:smoker", "y": 90 },
        "facing=north,lit=true": { "model": "minecraftfuture:smoker_on" },
        "facing=south,lit=true": { "model": "minecraftfuture:smoker_on", "y": 180 },
        "facing=west,lit=true":  { "model": "minecraftfuture:smoker_on", "y": 270 },
        "facing=east,lit=true":  { "model": "minecraftfuture:smoker_on", "y": 90 }
    }
}