{
    "type": "minecraft:crafting_shaped",
    "pattern":
    [
        "   ",
        "xbx",
        "a a"
    ],
    "key":
    {
        "x":
        {
            "type": "forge:ore_dict",
            "ore": "stickWood"
        },
        "a":
        {
            "type": "forge:ore_dict",
            "ore": "plankWood"
        },
        "b":
        {
            "item": "minecraft:stone_slab",
            "data": 0
        }
    },
    "result":
    {
        "item": "grindstone"
    }
}