{
    "throw_trident": {
        "subtitle": "minecraftfuture.subtitle.throw_trident",
        "sounds": [ "minecraftfuture:trident/throw" ]
    },
    "pierce_trident": {
        "subtitle": "minecraftfuture.subtitle.pierce_trident",
        "sounds": [ "minecraftfuture:trident/pierce" ]
    },
    "impact_trident": {
        "subtitle": "minecraftfuture.subtitle.impact_trident",
        "sounds": [ "minecraftfuture:trident/impact" ]
    },
    "channeling_trident": {
        "subtitle": "minecraftfuture.subtitle.channeling_trident",
        "sounds": [ "minecraftfuture:trident/channeling" ]
    },
    "loyalty": {
        "subtitle": "minecraftfuture.subtitle.loyalty_trident",
        "sounds": [ "minecraftfuture:trident/loyalty" ]
    },
    "riptide_0": {
        "subtitle": "minecraftfuture.subtitle.riptide_0_trident",
        "sounds": [ "minecraftfuture:trident/riptide_0" ]
    },
    "riptide_1": {
        "subtitle": "minecraftfuture.subtitle.riptide_1_trident",
        "sounds": [ "minecraftfuture:trident/riptide_1" ]
    },
    "riptide_2": {
        "subtitle": "minecraftfuture.subtitle.riptide_2_trident",
        "sounds": [ "minecraftfuture:trident/riptide_2" ]
    },
    "charge": {
        "subtitle": "minecraftfuture.subtitle.crossbow_charge",
        "sounds": [ "minecraftfuture:crossbow/charge_success"]
    },
    "quick_charge": {
        "subtitle": "minecraftfuture.subtitle.crossbow_quickCharge",
        "sounds": [ "minecraftfuture:crossbow/charge_fail"]
    },
    "crossbow_fire": {
        "subtitle": "minecraftfuture.subtitle.crossbow_fire",
        "sounds": [ "minecraftfuture:crossbow/crossbow_fire"]
    },
    "crossbow_load": {
        "subtitle": "minecraftfuture.subtitle.crossbow_load",
        "sounds": [ "minecraftfuture:crossbow/crossbow_load"]
    },
    "grindstone_use": {
        "subtitle": "minecraftfuture.subtitle.grindstone_use",
        "sounds": [ "minecraftfuture:grindstone/use_0", "minecraftfuture:grindstone/use_1", "minecraftfuture:grindstone/use_2"]
    },
    "composter_empty": {
        "subtitle": "minecraftfuture.subtitle.composter_empty",
        "sounds": [ "minecraftfuture:composter/empty_0", "minecraftfuture:composter/empty_1", "minecraftfuture:composter/empty_2"]
    },
    "composter_fill": {
        "subtitle": "minecraftfuture.subtitle.composter_fill",
        "sounds": [ "minecraftfuture:composter/fill_0", "minecraftfuture:composter/fill_1", "minecraftfuture:composter/fill_2", "minecraftfuture:composter/fill_3"]
    },
    "composter_fill_success": {
        "subtitle": "minecraftfuture.subtitle.composter_fill_success",
        "sounds": [ "minecraftfuture:composter/fill_success_0", "minecraftfuture:composter/fill_success_1", "minecraftfuture:composter/fill_success_2", "minecraftfuture:composter/fill_success_3"]
    },
    "composter_ready": {
        "subtitle": "minecraftfuture.subtitle.composter_ready",
        "sounds": [ "minecraftfuture:composter/ready_0", "minecraftfuture:composter/ready_1", "minecraftfuture:composter/ready_2", "minecraftfuture:composter/ready_3"]
    },
    "barrel_open": {
        "subtitle": "minecraftfuture.subtitle.barrel_open",
        "sounds": [ "minecraftfuture:barrel/open_0", "minecraftfuture:barrel/open_1"]
    },
    "barrel_close": {
        "subtitle": "minecraftfuture.subtitles.barrel_close",
        "sounds": [ "minecraftfuture:barrel/close"]
    },
    "panda_aggressive_ambient": {
        "subtitle": "minecraftfuture.subtitles.panda_aggressive_ambient",
        "sounds": [ "minecraftfuture:panda/aggressive_ambient_0", "minecraftfuture:panda/aggressive_ambient_1", "minecraftfuture:panda/aggressive_ambient_2", "minecraftfuture:panda/aggressive_ambient_3"]
    },
    "panda_ambient": {
        "subtitle": "minecraftfuture.subtitles.panda_ambient",
        "sounds": [ "minecraftfuture:panda/ambient_0", "minecraftfuture:panda/ambient_1", "minecraftfuture:panda/ambient_2", "minecraftfuture:panda/ambient_3"]
    },
    "panda_bite": {
        "subtitle": "minecraftfuture.subtitles.panda_bite",
        "sounds": [ "minecraftfuture:panda/bite_0", "minecraftfuture:panda/bite_1", "minecraftfuture:panda/bite_2"]
    },
    "panda_cannot_breed": {
        "subtitle": "minecraftfuture.subtitles.panda_cannot_breed",
        "sounds": [ "minecraftfuture:panda/cannot_breed_0", "minecraftfuture:panda/cannot_breed_1", "minecraftfuture:panda/cannot_breed_2", "minecraftfuture:panda/cannot_breed_3", "minecraftfuture:panda/cannot_breed_4"]
    },
    "panda_death": {
        "subtitle": "minecraftfuture.subtitles.panda_death",
        "sounds": [ "minecraftfuture:panda/death_0", "minecraftfuture:panda/death_1", "minecraftfuture:panda/death_2", "minecraftfuture:panda/death_3"]
    },
    "panda_eat": {
        "subtitle": "minecraftfuture.subtitles.panda_eat",
        "sounds": [ "minecraftfuture:panda/eat_0", "minecraftfuture:panda/eat_1", "minecraftfuture:panda/eat_2", "minecraftfuture:panda/eat_3", "minecraftfuture:panda/eat_4", "minecraftfuture:panda/eat_5", "minecraftfuture:panda/eat_6", "minecraftfuture:panda/eat_7", "minecraftfuture:panda/eat_8", "minecraftfuture:panda/eat_9", "minecraftfuture:panda/eat_10", "minecraftfuture:panda/eat_11"]
    },
    "panda_hurt": {
        "subtitle": "minecraftfuture.subtitles.panda_hurt",
        "sounds": [ "minecraftfuture:panda/hurt_0", "minecraftfuture:panda/hurt_1", "minecraftfuture:panda/hurt_2", "minecraftfuture:panda/hurt_3", "minecraftfuture:panda/hurt_4", "minecraftfuture:panda/hurt_5"]
    },
    "panda_pre_sneeze": {
        "subtitle": "minecraftfuture.subtitles.panda_pre_sneeze",
        "sounds": [ "minecraftfuture:panda/pre_sneeze"]
    },
    "panda_sneeze": {
        "subtitle": "minecraftfuture.subtitles.panda_sneeze",
        "sounds": [ "minecraftfuture:panda/sneeze_0", "minecraftfuture:panda/sneeze_1", "minecraftfuture:panda/sneeze_2"]
    },
    "panda_step": {
        "subtitle": "minecraftfuture.subtitles.panda_step",
        "sounds": [ "minecraftfuture:panda/step_0", "minecraftfuture:panda/step_1", "minecraftfuture:panda/step_2", "minecraftfuture:panda/step_3", "minecraftfuture:panda/step_4"]
    },
    "panda_worried_ambient": {
        "subtitle": "minecraftfuture.subtitles.panda_worried_ambient",
        "sounds": [ "minecraftfuture:panda/worried_ambient_0", "minecraftfuture:panda/worried_ambient_1", "minecraftfuture:panda/worried_ambient_2", "minecraftfuture:panda/worried_ambient_3", "minecraftfuture:panda/worried_ambient_4", "minecraftfuture:panda/worried_ambient_5"]
    },
    "campfire_crackle": {
        "subtitle": "minecraftfuture.subtitles.campfire_crackle",
        "sounds": [ "minecraftfuture:campfire/crackle_0", "minecraftfuture:campfire/crackle_1", "minecraftfuture:campfire/crackle_2", "minecraftfuture:campfire/crackle_3", "minecraftfuture:campfire/crackle_4", "minecraftfuture:campfire/crackle_5"]
    },
    "bamboo_step": {
        "subtitle": "minecraftfuture.subtitles.bamboo_step",
        "sounds": [ "minecraftfuture:bamboo/step_0", "minecraftfuture:bamboo/step_1", "minecraftfuture:bamboo/step_2", "minecraftfuture:bamboo/step_3", "minecraftfuture:bamboo/step_4", "minecraftfuture:bamboo/step_5"]
    },
    "bamboo_place": {
        "subtitle": "minecraftfuture.subtitles.bamboo_place",
        "sounds": [ "minecraftfuture:bamboo/place_0", "minecraftfuture:bamboo/place_1", "minecraftfuture:bamboo/place_2", "minecraftfuture:bamboo/place_3", "minecraftfuture:bamboo/place_4", "minecraftfuture:bamboo/place_5"]
    },
    "bell_ring": {
        "subtitle": "minecraftfuture.subtitles.bell_ring",
        "sounds": [ "minecraftfuture:bell/ring_0", "minecraftfuture:bell/ring_1"]
    },
    "bee_enter_hive": {
        "subtitle": "minecraftfuture.subtitles.bee_enter_hive",
        "sounds": [ "minecraftfuture:bee/enter"]
    },
    "bee_exit_hive": {
        "subtitle": "minecraftfuture.subtitles.bee_exit_hive",
        "sounds": [ "minecraftfuture:bee/exit"]
    },
    "bee_sting": {
        "subtitle": "minecraftfuture.subtitles.bee_sting",
        "sounds": [ "minecraftfuture:bee/sting"]
    },
    "bee_death": {
        "subtitle": "minecraftfuture.subtitles.bee_death",
        "sounds": [ "minecraftfuture:bee/death_0", "minecraftfuture:bee/death_1"]
    },
    "bee_hurt": {
        "subtitle": "minecraftfuture.subtitles.bee_hurt",
        "sounds": [ "minecraftfuture:bee/hurt_0", "minecraftfuture:bee/hurt_1", "minecraftfuture:bee/hurt_2"]
    },
    "bee_pollinate": {
        "subtitle": "minecraftfuture.subtitles.bee_pollinate",
        "sounds": [ "minecraftfuture:bee/pollinate_0", "minecraftfuture:bee/pollinate_1", "minecraftfuture:bee/pollinate_2", "minecraftfuture:bee/pollinate_3"]
    },
    "bee_work": {
        "subtitle": "minecraftfuture.subtitles.bee_work",
        "sounds": [ "minecraftfuture:bee/work_0", "minecraftfuture:bee/work_1", "minecraftfuture:bee/work_2", "minecraftfuture:bee/work_3"]
    },
    "bee_aggressive": {
        "subtitle": "minecraftfuture.subtitles.bee_aggressive",
        "sounds": [ "minecraftfuture:bee/aggressive_0", "minecraftfuture:bee/aggressive_1", "minecraftfuture:bee/aggressive_2"]
    },
    "bee_passive": {
        "subtitle": "minecraftfuture.subtitles.bee_passive",
        "sounds": [ "minecraftfuture:bee/passive_0", "minecraftfuture:bee/passive_1", "minecraftfuture:bee/passive_2", "minecraftfuture:bee/passive_3", "minecraftfuture:bee/passive_3"]
    },
    "honey_bottle_drink": {
        "subtitle": "minecraftfuture.subtitles.honey_bottle_drink",
        "sounds": [ "minecraftfuture:bee/drink_honey_0", "minecraftfuture:bee/drink_honey_1", "minecraftfuture:bee/drink_honey_2"]
    },
    "shear_hive": {
        "subtitle": "minecraftfuture.subtitles.shear_hive",
        "sounds": [ "minecraftfuture:bee/shear"]
    },
    "honey_block_break": {
        "subtitle": "minecraftfuture.subtitles.honey_block_break",
        "sounds": [ "minecraftfuture:honey_block/break_0", "minecraftfuture:honey_block/break_1", "minecraftfuture:honey_block/break_2", "minecraftfuture:honey_block/break_3", "minecraftfuture:honey_block/break_4"]
    },
    "honey_block_step": {
        "subtitle": "minecraftfuture.subtitles.honey_block_step",
        "sounds": [ "minecraftfuture:honey_block/step_0", "minecraftfuture:honey_block/step_1", "minecraftfuture:honey_block/step_2", "minecraftfuture:honey_block/step_3", "minecraftfuture:honey_block/step_4"]
    },
    "coral_dig": {
        "subtitle": "minecraftfuture.subtitles.honey_block_dig",
        "sounds": [ "minecraftfuture:coral/dig_0", "minecraftfuture:coral/dig_1", "minecraftfuture:coral/dig_2", "minecraftfuture:coral/dig_3"]
    },
    "coral_step": {
        "subtitle": "minecraftfuture.subtitles.honey_block_step",
        "sounds": [ "minecraftfuture:coral/step_0", "minecraftfuture:coral/step_1", "minecraftfuture:coral/step_2", "minecraftfuture:coral/step_3", "minecraftfuture:coral/step_4"]
    },
    "honey_block_slide": {
        "subtitle": "minecraftfuture.subtitles.honey_block_slide",
        "sounds": [ "minecraftfuture:honey_block/slide_0", "minecraftfuture:honey_block/slide_1", "minecraftfuture:honey_block/slide_2", "minecraftfuture:honey_block/slide_3"]
    },
    "stonecutter_carve": {
        "subtitle": "minecraftfuture.subtitles.stonecutter_carve",
        "sounds": [ "minecraftfuture:stonecutter/carve_0", "minecraftfuture:stonecutter/carve_1"]
    }
}