{
    "textures": {
        "particle": "#tex"
    },
    "elements": [
        {
            "from": [0, 0, 0],
            "to": [16, 8, 16],
            "color": 7,
            "faces": {
                "north": {"uv": [0, 8, 16, 16], "texture": "#tex"},
                "east": {"uv": [0, 8, 16, 16], "texture": "#tex"},
                "south": {"uv": [0, 8, 16, 16], "texture": "#tex"},
                "west": {"uv": [0, 8, 16, 16], "texture": "#tex"},
                "up": {"uv": [0, 0, 16, 16], "texture": "#tex"},
                "down": {"uv": [0, 0, 16, 16], "texture": "#tex"}
            }
        }
    ]
}