{
    "parent": "block/orientable",
    "textures": {
        "particle": "minecraftfuture:blocks/smithing_table_front",
        "down": "minecraftfuture:blocks/smithing_table_bottom",
        "up": "minecraftfuture:blocks/smithing_table_top",
        "north": "minecraftfuture:blocks/smithing_table_front",
        "east": "minecraftfuture:blocks/smithing_table_side",
        "south": "minecraftfuture:blocks/smithing_table_front",
        "west": "minecraftfuture:blocks/smithing_table_side"
    }
}