{
    "parent": "block/orientable",
    "textures": {
        "particle": "minecraftfuture:blocks/stonecutter_old_side",
        "down": "minecraftfuture:blocks/stonecutter_old_bottom",
        "up": "minecraftfuture:blocks/stonecutter_old_top",
        "north": "minecraftfuture:blocks/stonecutter_old_side_1",
        "east": "minecraftfuture:blocks/stonecutter_old_side",
        "south": "minecraftfuture:blocks/stonecutter_old_side_1",
        "west": "minecraftfuture:blocks/stonecutter_old_side"
    }
}
